User-ID,ISBN,Book-Rating
6251,345370775,1
6251,044021145X,1
6251,312983271,1
6251,080410526X,1
6251,743418174,1
6251,60987103,1
6251,64407667,1
6251,971880107,1
6251,446672211,1
6251,375727345,7
6251,380789035,8
6251,61009059,8
6251,385484518,8
6251,034540288X,1
6251,679745203,1
6251,60976845,1
6251,068484267X,9
6251,380730138,1
6251,067976402X,9
6251,380718340,1
6251,671001795,1
6251,449212602,1
6251,439064872,1
6251,140244824,1
6251,1400034779,1
6251,316284955,1
6251,60938455,1
6251,312291639,1
6251,786868716,1
6251,312278586,1
6575,679746048,10
6575,671003755,1
6575,316569321,1
6575,679745203,9
6575,440222656,1
6575,60502258,9
6575,140293248,9
6575,316666343,1
6575,316601950,1
6575,671001795,10
6575,553268880,1
6575,312980140,10
6575,679429220,7
6575,312976275,1
6575,080411109X,1
6575,385484518,7
6575,316776963,9
6575,679781587,10
6575,452282829,1
6575,440226430,1
6575,385722206,10
6575,60987103,10
6575,068484477X,1
6575,385335482,6
6575,446612545,1
6575,380002930,5
6575,1400031354,10
6575,684874350,1
6575,312195516,9
6575,080411868X,1
7346,440214041,1
7346,312966970,9
7346,345387651,1
7346,446611212,1
7346,385508042,1
7346,375706771,1
7346,446310786,1
7346,345380371,10
7346,006101351X,1
7346,312980140,9
7346,312291639,1
7346,805063897,1
7346,60977493,1
7346,440225701,11
7346,609804138,8
7346,515131229,1
7346,312976275,8
7346,440241073,9
7346,345370775,9
7346,446672211,1
7346,345361792,10
7346,446605484,1
7346,804106304,10
7346,316769487,1
7346,804114986,1
7346,446364193,1
7346,068484477X,1
7346,385505833,1
7346,60928336,1
7346,345337662,1
11601,067976402X,1
11601,014025448X,1
11601,446608955,1
11601,679429220,1
11601,684874350,1
11601,316569321,1
11601,380718340,1
11601,553279912,1
11601,385484518,1
11601,080410753X,1
11601,155874262X,1
11601,080411109X,1
11601,312966091,1
11601,446310786,11
11601,553280341,1
11601,440222656,1
11601,1558743669,1
11601,60915544,11
11601,439064872,1
11601,684872153,1
11601,316601950,1
11601,671021001,1
11601,743237188,1
11601,440213525,1
11601,515132020,1
11601,316769487,1
11601,446611212,1
11601,440226104,1
11601,345380371,1
11601,671001795,1
11676,767902521,9
11676,671042858,11
11676,425147622,6
11676,70212570,8
11676,345402871,1
11676,61097101,1
11676,068484477X,5
11676,312305060,10
11676,553582755,1
11676,446607657,1
11676,60938455,11
11676,316666343,6
11676,60915544,1
11676,679429220,1
11676,440211727,1
11676,345361792,11
11676,345337662,7
11676,452282829,11
11676,345353145,1
11676,006101351X,9
11676,440224675,9
11676,61009059,9
11676,345387651,1
11676,440213525,6
11676,345351525,1
11676,345370775,9
11676,679745203,11
11676,452282152,1
11676,345339703,1
11676,385265700,8
13552,380718340,8
13552,385504209,11
13552,440214041,10
13552,446611867,1
13552,671510053,1
13552,440225701,1
13552,425147622,1
13552,786868716,10
13552,345378490,1
13552,385484518,11
13552,312995423,9
13552,316569321,1
13552,440220602,8
13552,316601950,1
13552,425154092,9
13552,446606812,1
13552,671027387,1
13552,743237188,1
13552,440213525,1
13552,312966970,1
13552,316284955,1
13552,044023722X,1
13552,743418174,11
13552,70212570,1
13552,345391055,1
13552,044022165X,9
13552,312966091,1
13552,671027360,1
13552,156027321,1
13552,440234743,9
14521,805063897,1
14521,440213525,6
14521,440224675,1
14521,671041789,1
14521,440234743,1
14521,345378490,1
14521,312995423,1
14521,61009059,1
14521,553572997,1
14521,446605239,1
14521,074343627X,1
14521,345370775,11
14521,671021001,1
14521,006101351X,6
14521,440221471,1
14521,446611867,6
14521,380018179,1
14521,044021145X,1
14521,044023722X,1
14521,440211727,1
14521,446601241,1
14521,64407667,11
14521,451166892,1
14521,446605484,1
14521,440214041,1
14521,068484267X,1
14521,440211263,6
14521,345391055,1
14521,446610038,1
14521,044022165X,1
16795,553250426,8
16795,446610038,10
16795,671510053,6
16795,312976275,1
16795,345353145,1
16795,70212570,10
16795,385503822,9
16795,345417623,6
16795,671001795,8
16795,971880107,1
16795,440220602,1
16795,61097101,1
16795,312305060,9
16795,671021001,11
16795,067976402X,1
16795,440214041,7
16795,345339703,9
16795,515131229,1
16795,312195516,10
16795,743237188,10
16795,446672211,9
16795,440236703,10
16795,1573229326,10
16795,312983271,1
16795,446605239,11
16795,345361792,1
16795,375726403,5
16795,345443284,1
16795,385335881,1
16795,553572997,1
21014,679746048,8
21014,60392452,1
21014,312195516,10
21014,60930535,1
21014,553268880,6
21014,671041789,8
21014,312971346,7
21014,385504209,1
21014,312305060,9
21014,425167313,9
21014,425182908,1
21014,440213525,1
21014,385335482,1
21014,786868716,1
21014,385265700,1
21014,60934417,1
21014,440211263,9
21014,60915544,9
21014,671001795,1
21014,316569321,9
21014,671003755,1
21014,440235596,9
21014,059035342X,1
21014,375707972,5
21014,380731851,1
21014,684872153,1
21014,014025448X,1
21014,044021145X,1
21014,375706771,1
21014,449907481,1
23768,380718340,9
23768,446606812,1
23768,312966091,1
23768,679745203,1
23768,804106304,1
23768,449907481,9
23768,044021145X,1
23768,316769487,1
23768,038079487X,1
23768,446601241,1
23768,446364193,1
23768,375706771,1
23768,1400031354,1
23768,446607657,1
23768,345387651,1
23768,345361792,1
23768,312980140,1
23768,440236673,1
23768,1573229326,1
23768,684874350,1
23768,316781266,1
23768,345351525,1
23768,60938455,1
23768,446610038,1
23768,60934417,9
23768,385722206,1
23768,671510053,1
23768,786881852,1
23768,61009059,9
23768,385484518,1
26544,553280341,1
26544,380730138,1
26544,312195516,10
26544,312980140,1
26544,446611212,1
26544,440214041,1
26544,452282152,11
26544,345402871,1
26544,553572997,1
26544,679746048,1
26544,345337662,1
26544,440224764,1
26544,067976402X,1
26544,61009059,1
26544,385720106,1
26544,671027360,1
26544,671027387,1
26544,446310786,1
26544,316284955,1
26544,380002930,1
26544,440220602,1
26544,553279912,1
26544,440235596,1
26544,044023722X,1
26544,440241073,1
26544,312971346,1
26544,515132020,1
26544,345387651,1
26544,446364193,1
26544,068484267X,1
31315,345337662,1
31315,312966091,1
31315,080411868X,1
31315,553582755,1
31315,044022165X,1
31315,671027387,1
31315,142001740,1
31315,345378490,1
31315,671001795,1
31315,345384466,1
31315,609804138,1
31315,786881852,8
31315,440234743,11
31315,385503822,1
31315,60930535,1
31315,671038184,1
31315,316776963,1
31315,671003755,1
31315,312966970,1
31315,804106304,1
31315,345402871,1
31315,316601950,1
31315,446606189,11
31315,385335482,1
31315,1558743669,1
31315,452282152,1
31315,767905180,1
31315,440214041,7
31315,804114986,1
31315,142000205,10
35857,743418174,7
35857,044022165X,6
35857,375727345,6
35857,156027321,1
35857,440221471,1
35857,679745203,1
35857,440220602,1
35857,440211727,1
35857,375706771,9
35857,316601950,10
35857,446611867,7
35857,452282829,1
35857,440211263,1
35857,425167313,1
35857,140244824,1
35857,038079487X,1
35857,440226104,1
35857,1558743669,1
35857,440234743,1
35857,345378490,8
35857,385265700,1
35857,385720106,1
35857,345443284,9
35857,044651652X,1
35857,312278586,6
35857,380730138,1
35857,446364193,1
35857,60928336,1
35857,380018179,1
35857,345361792,1
35859,446610038,8
35859,440214041,1
35859,316666343,7
35859,345378490,1
35859,385504209,1
35859,446672211,1
35859,842329129,10
35859,1573229326,1
35859,61009059,11
35859,345353145,1
35859,1558743669,1
35859,385505833,1
35859,140244824,1
35859,425175405,1
35859,440221471,1
35859,375706771,1
35859,671510053,1
35859,385503822,7
35859,038079487X,9
35859,60930535,1
35859,316781266,1
35859,452282152,1
35859,449212602,1
35859,044023722X,1
35859,375707972,7
35859,425182908,5
35859,345384466,1
35859,068484477X,11
35859,440211727,1
35859,380718340,9
36606,312291639,11
36606,60392452,1
36606,440211263,6
36606,380730138,1
36606,1400034779,1
36606,375707972,1
36606,385484518,1
36606,316569321,1
36606,805063897,1
36606,449003795,1
36606,553279912,1
36606,60934417,1
36606,440236703,1
36606,671510053,1
36606,679781587,6
36606,60915544,1
36606,380018179,1
36606,60976845,1
36606,440222656,1
36606,609804138,1
36606,155874262X,1
36606,375706771,1
36606,60930535,1
36606,439136350,1
36606,671027360,1
36606,316776963,1
36606,156027321,1
36606,375727345,1
36606,345361792,1
36606,786868716,11
36836,440222656,1
36836,316569321,1
36836,044022165X,1
36836,671510053,1
36836,316284955,1
36836,375727345,1
36836,068484477X,1
36836,449907481,1
36836,142000205,1
36836,345337662,1
36836,440224764,1
36836,60977493,1
36836,553279912,1
36836,684874350,1
36836,385265700,1
36836,679781587,1
36836,671038184,1
36836,316666343,1
36836,446672211,1
36836,375707972,1
36836,044651652X,1
36836,140244824,1
36836,068484267X,1
36836,385484518,1
36836,316601950,1
36836,140298479,1
36836,385503822,1
36836,155874262X,1
36836,140293248,1
36836,452282152,1
39646,067976402X,1
39646,60959037,1
39646,345361792,1
39646,080411109X,1
39646,805063897,1
39646,345353145,1
39646,375706771,1
39646,345387651,1
39646,62502182,1
39646,671027360,1
39646,345443284,1
39646,312305060,1
39646,155874262X,1
39646,1400034779,1
39646,679781587,1
39646,440206154,1
39646,446605239,1
39646,446605484,1
39646,60934417,1
39646,440224675,1
39646,440236673,1
39646,553268880,1
39646,440224764,1
39646,385504209,10
39646,440241537,1
39646,316601950,11
39646,316096199,1
39646,440211727,11
39646,385335881,1
39646,440221471,1
40943,609804138,1
40943,345370775,1
40943,446611867,1
40943,425167313,1
40943,385335881,1
40943,385335482,11
40943,345342968,1
40943,142001740,1
40943,971880107,1
40943,70212570,1
40943,64407667,1
40943,375727345,1
40943,446364193,1
40943,679745203,1
40943,452282829,1
40943,345351525,1
40943,553280341,1
40943,345339681,1
40943,345337662,1
40943,671510053,1
40943,440225701,1
40943,60930535,1
40943,316569321,1
40943,805063897,1
40943,446606812,1
40943,60987103,1
40943,679746048,9
40943,316096199,1
40943,043935806X,1
40943,449003795,1
43246,60987529,1
43246,014025448X,1
43246,375706771,1
43246,380730138,1
43246,316666343,1
43246,385722206,9
43246,671027360,1
43246,446364193,1
43246,006101351X,1
43246,743237188,1
43246,385265700,1
43246,074343627X,1
43246,684872153,1
43246,446605239,10
43246,679781587,9
43246,068484477X,1
43246,446611867,1
43246,316569321,1
43246,312976275,1
43246,671041789,1
43246,140293248,1
43246,553572997,1
43246,312980140,6
43246,312305060,8
43246,440212561,1
43246,446608955,10
43246,446607657,1
43246,156027321,1
43246,014028009X,9
43246,345380371,1
46398,64407667,1
46398,679745203,6
46398,70212570,1
46398,60930535,1
46398,068484267X,10
46398,446601241,1
46398,425167313,1
46398,385486804,8
46398,316284955,1
46398,375706771,10
46398,345370775,9
46398,312291639,1
46398,452282152,7
46398,375727345,1
46398,044651652X,1
46398,380730138,1
46398,316569321,9
46398,60987103,1
46398,034540288X,1
46398,671003755,1
46398,312195516,1
46398,385504209,1
46398,60928336,1
46398,156027321,10
46398,140293248,1
46398,345361792,11
46398,449003795,1
46398,375707972,9
46398,006101351X,1
46398,671510053,1
52584,553268880,1
52584,446611212,1
52584,440222656,1
52584,051513287X,1
52584,080411109X,10
52584,553280341,1
52584,440241073,1
52584,446611867,1
52584,068484477X,1
52584,446606812,8
52584,440211263,1
52584,70212570,1
52584,316666343,10
52584,345353145,1
52584,609804138,8
52584,60928336,1
52584,60959037,1
52584,515132020,1
52584,345387651,1
52584,375706771,1
52584,786881852,1
52584,059035342X,1
52584,446608955,1
52584,080410753X,9
52584,440214041,1
52584,345351525,1
52584,440226104,1
52584,006101351X,1
52584,679781587,1
52584,345391055,1
55492,446605239,1
55492,671027360,1
55492,385508042,10
55492,679781587,1
55492,312976275,1
55492,380002930,1
55492,446606812,1
55492,446611212,1
55492,345361792,1
55492,080410753X,1
55492,312305060,5
55492,312971346,1
55492,316569321,1
55492,312980140,1
55492,446310786,1
55492,804114986,1
55492,515131229,1
55492,440221471,1
55492,385484518,1
55492,006101351X,1
55492,385265700,1
55492,553279912,1
55492,440212561,1
55492,345370775,1
55492,080411109X,1
55492,044022165X,1
55492,425147622,1
55492,446672211,1
55492,316666343,1
55492,446606189,1
55548,440224675,1
55548,345313860,1
55548,786881852,1
55548,316781266,1
55548,044651652X,1
55548,380018179,1
55548,553280341,1
55548,804106304,1
55548,440220602,1
55548,044021145X,1
55548,345378490,1
55548,60976845,1
55548,068484477X,1
55548,051513287X,1
55548,080410526X,1
55548,142001740,11
55548,440222656,1
55548,804114986,1
55548,679429220,1
55548,385492081,1
55548,60938455,1
55548,60930535,1
55548,312195516,1
55548,345391055,1
55548,068484267X,1
55548,60928336,10
55548,044022165X,1
55548,446608955,1
55548,446310786,11
55548,553268880,1
56856,440236673,1
56856,067976402X,1
56856,385503822,1
56856,553250426,1
56856,385265700,1
56856,080411868X,1
56856,375727345,1
56856,385720106,1
56856,380731851,1
56856,671041789,1
56856,044022165X,11
56856,312305060,1
56856,671042858,8
56856,60392452,9
56856,440214041,8
56856,316601950,1
56856,684874350,11
56856,446672211,9
56856,440211727,1
56856,446607657,1
56856,971880107,1
56856,440235596,1
56856,679429220,1
56856,553572997,1
56856,451166892,1
56856,446601241,1
56856,345342968,1
56856,440222656,1
56856,312924585,1
56856,006101351X,1
60244,60976845,1
60244,743418174,9
60244,316776963,1
60244,446612545,1
60244,446672211,1
60244,671003755,1
60244,080411868X,1
60244,080410526X,1
60244,312971346,1
60244,446606812,1
60244,449907481,1
60244,044023722X,1
60244,385484518,1
60244,375707972,1
60244,446611867,1
60244,609804138,9
60244,451166892,1
60244,440226430,1
60244,743237188,9
60244,1400034779,10
60244,786881852,10
60244,385486804,1
60244,038079487X,1
60244,425167313,1
60244,385505833,9
60244,767902521,10
60244,140293248,9
60244,014025448X,1
60244,345339681,11
60244,312976275,1
68555,312305060,1
68555,345361792,1
68555,375706771,1
68555,971880107,1
68555,679781587,1
68555,440236673,8
68555,446608955,1
68555,446605239,9
68555,446606812,1
68555,440220602,8
68555,425167313,1
68555,316569321,1
68555,451166892,1
68555,375700757,1
68555,068484267X,1
68555,446611867,1
68555,440211263,1
68555,1558743669,1
68555,316601950,1
68555,767902521,10
68555,452282829,1
68555,068484477X,1
68555,440221471,8
68555,440224764,8
68555,452282152,1
68555,316769487,1
68555,60934417,1
68555,380789035,1
68555,345342968,1
68555,014025448X,9
76352,446607657,1
76352,671003755,1
76352,446606189,1
76352,425147622,1
76352,345313860,1
76352,044022165X,1
76352,140244824,1
76352,440211727,1
76352,553582755,1
76352,60934417,7
76352,345378490,1
76352,440241073,1
76352,345380371,1
76352,380718340,1
76352,385503822,1
76352,316601950,1
76352,312966970,1
76352,440236673,1
76352,446364193,1
76352,446601241,1
76352,440226104,1
76352,312924585,1
76352,449003795,1
76352,971880107,1
76352,440225701,1
76352,743237188,1
76352,312983271,1
76352,553268880,1
76352,142001740,1
76352,446610038,1
78783,60976845,1
78783,842329129,1
78783,345402871,1
78783,440214041,1
78783,080411109X,1
78783,446608955,1
78783,380718340,10
78783,312966970,1
78783,375707972,1
78783,006101351X,1
78783,553280341,1
78783,60915544,1
78783,515132020,1
78783,440206154,1
78783,515131229,1
78783,385335482,9
78783,440235596,10
78783,440221471,1
78783,345443284,9
78783,312966091,1
78783,375726403,1
78783,1400034779,1
78783,140244824,1
78783,375727345,1
78783,449212602,1
78783,345387651,1
78783,61009059,1
78783,080410753X,1
78783,385720106,10
78783,440222656,10
78834,446607657,1
78834,553572997,1
78834,786868716,1
78834,425180638,1
78834,380789035,1
78834,399501487,11
78834,142000205,1
78834,60928336,1
78834,440236703,1
78834,316776963,11
78834,1573229326,1
78834,553582755,1
78834,446611212,1
78834,440234743,1
78834,375700757,1
78834,043935806X,11
78834,440211263,1
78834,60392452,1
78834,671042858,1
78834,446606812,1
78834,006101351X,1
78834,679781587,1
78834,316769487,11
78834,671021001,1
78834,440226430,1
78834,60987529,1
78834,312282990,1
78834,971880107,1
78834,385492081,1
78834,446364193,1
87141,385503822,1
87141,440206154,1
87141,440236703,1
87141,671021001,1
87141,446611212,1
87141,345337662,1
87141,553279912,1
87141,451166892,9
87141,385505833,1
87141,345380371,1
87141,440213525,9
87141,446607657,1
87141,080410526X,1
87141,440211727,9
87141,345387651,1
87141,316769487,1
87141,515131229,1
87141,440224675,1
87141,345391055,9
87141,044022165X,1
87141,043935806X,1
87141,439064872,1
87141,425182908,1
87141,059035342X,11
87141,067976402X,1
87141,345378490,8
87141,440220602,9
87141,446605484,1
87141,044023722X,1
87141,440236673,9
87555,380730138,1
87555,60930535,1
87555,345361792,1
87555,380789035,1
87555,440236703,1
87555,671027387,1
87555,080410526X,1
87555,679781587,1
87555,60976845,1
87555,142001740,1
87555,684872153,1
87555,345351525,8
87555,60392452,11
87555,345313860,9
87555,385720106,1
87555,044021145X,1
87555,60977493,1
87555,316284955,1
87555,804114986,1
87555,399501487,1
87555,804106304,1
87555,767902521,1
87555,1400034779,1
87555,1573229326,1
87555,345342968,1
87555,671041789,1
87555,380002930,1
87555,62502182,8
87555,385486804,1
87555,440224675,1
87746,345361792,1
87746,312966970,1
87746,446608955,1
87746,068484477X,1
87746,385492081,1
87746,006101351X,1
87746,044023722X,1
87746,440226104,1
87746,425182908,1
87746,446611867,1
87746,316284955,1
87746,743418174,1
87746,60915544,1
87746,804114986,1
87746,067976402X,1
87746,316781266,1
87746,312976275,1
87746,375706771,1
87746,375700757,1
87746,425152251,1
87746,671003755,1
87746,971880107,1
87746,440221471,1
87746,743237188,1
87746,312971346,1
87746,671001795,1
87746,345380371,1
87746,312983271,1
87746,375727345,1
87746,804106304,1
89602,345387651,6
89602,440224675,1
89602,679781587,6
89602,786868716,7
89602,044023722X,1
89602,140293248,1
89602,316776963,9
89602,1573229326,6
89602,679746048,6
89602,142001740,10
89602,449005615,1
89602,316284955,1
89602,743418174,8
89602,425175405,1
89602,60987103,7
89602,671042858,1
89602,449003795,8
89602,142000205,1
89602,446310786,10
89602,156027321,1
89602,380789035,6
89602,767905180,6
89602,375727345,6
89602,140244824,1
89602,059035342X,1
89602,312282990,1
89602,316666343,9
89602,067976402X,1
89602,385504209,9
89602,609804138,1
95359,64407667,1
95359,804114986,1
95359,399501487,11
95359,140293248,9
95359,446605484,8
95359,446607657,4
95359,345361792,11
95359,312195516,8
95359,60976845,8
95359,440222656,1
95359,380789019,1
95359,080410526X,1
95359,425167313,7
95359,440236703,10
95359,671027360,10
95359,380731851,1
95359,671027387,1
95359,61097101,9
95359,449212602,11
95359,60392452,11
95359,380730138,7
95359,60915544,10
95359,380002930,1
95359,60502258,1
95359,080411868X,1
95359,1573229326,1
95359,345370775,10
95359,067976402X,1
95359,375727345,8
95359,786881852,6
98741,805063897,1
98741,375706771,1
98741,440222656,1
98741,452282829,1
98741,446364193,1
98741,786881852,1
98741,345378490,1
98741,155874262X,1
98741,142000205,1
98741,425152251,1
98741,140298479,1
98741,671038184,1
98741,140293248,1
98741,044651652X,1
98741,014028009X,1
98741,671021001,1
98741,446608955,1
98741,345342968,1
98741,60915544,1
98741,553250426,1
98741,671003755,1
98741,080410526X,1
98741,312966091,1
98741,440214041,1
98741,446612545,1
98741,61097101,1
98741,804106304,1
98741,043935806X,1
98741,446310786,1
98741,312278586,1
102967,425182908,1
102967,345391055,1
102967,345402871,1
102967,385492081,1
102967,044022165X,1
102967,440214041,1
102967,312278586,6
102967,671021001,1
102967,044651652X,1
102967,1400031354,1
102967,059035342X,1
102967,60928336,1
102967,068484267X,10
102967,1558743669,1
102967,440211263,1
102967,312924585,1
102967,804106304,1
102967,440221471,1
102967,60938455,1
102967,553280341,1
102967,140244824,1
102967,446607657,1
102967,345337662,1
102967,553250426,1
102967,671003755,1
102967,440220602,1
102967,449907481,1
102967,440206154,1
102967,080410526X,1
102967,345370775,1
104636,671001795,10
104636,439136369,11
104636,671003755,9
104636,316284955,9
104636,446606189,9
104636,446364193,10
104636,452282829,1
104636,044021145X,11
104636,446310786,1
104636,440225701,7
104636,440241537,1
104636,446601241,1
104636,446606812,1
104636,1558743669,10
104636,440214041,10
104636,440213525,10
104636,553280341,9
104636,425180638,1
104636,380718340,9
104636,312924585,1
104636,440241073,1
104636,446610038,11
104636,440211727,11
104636,440235596,1
104636,1400034779,1
104636,440224764,9
104636,553572997,10
104636,553279912,10
104636,446612545,1
104636,446672211,11
105979,440241073,6
105979,375727345,1
105979,375700757,1
105979,671021001,1
105979,375707972,1
105979,345380371,5
105979,671038184,1
105979,155874262X,1
105979,60959037,1
105979,044022165X,6
105979,971880107,1
105979,446310786,11
105979,385504209,6
105979,425167313,6
105979,345370775,1
105979,446672211,5
105979,60977493,1
105979,440211727,1
105979,080410753X,1
105979,345361792,9
105979,140244824,1
105979,60915544,8
105979,60928336,1
105979,316601950,9
105979,60934417,1
105979,385335482,1
105979,440225701,1
105979,140298479,1
105979,440220602,1
105979,440213525,7
106225,312924585,1
106225,671003755,1
106225,345370775,1
106225,449212602,1
106225,440225701,1
106225,345443284,1
106225,385503822,8
106225,345353145,1
106225,080410526X,1
106225,446601241,1
106225,446612545,1
106225,140244824,1
106225,345387651,1
106225,804106304,1
106225,380730138,1
106225,440226430,1
106225,440222656,1
106225,684872153,10
106225,440211263,1
106225,044651652X,1
106225,155874262X,1
106225,440226104,1
106225,006101351X,1
106225,385722206,1
106225,446608955,1
106225,70212570,1
106225,553279912,1
106225,156027321,1
106225,452282152,11
106225,440236673,7
110912,014028009X,11
110912,60987103,1
110912,446608955,1
110912,044651652X,1
110912,449212602,9
110912,671027360,10
110912,375707972,1
110912,60959037,9
110912,375727345,1
110912,440235596,1
110912,142001740,1
110912,385484518,11
110912,316666343,1
110912,452282829,1
110912,671021001,1
110912,1400031354,11
110912,385505833,1
110912,312995423,8
110912,380002930,1
110912,553250426,11
110912,385492081,1
110912,316601950,10
110912,767902521,11
110912,312291639,1
110912,140244824,1
110912,345337662,1
110912,60392452,11
110912,60976845,9
110912,067976402X,1
110912,446601241,11
110973,449212602,1
110973,345443284,1
110973,671027360,8
110973,068484477X,9
110973,034540288X,1
110973,60392452,1
110973,316569321,10
110973,446605484,1
110973,743418174,1
110973,380789019,11
110973,316284955,1
110973,842329129,1
110973,451166892,1
110973,446607657,1
110973,380730138,1
110973,380018179,1
110973,60959037,1
110973,439064872,9
110973,446672211,1
110973,60928336,1
110973,440234743,1
110973,679781587,10
110973,142000205,1
110973,440226104,8
110973,553572997,10
110973,553279912,1
110973,385265700,1
110973,375725784,1
110973,971880107,1
110973,440224764,1
112026,446611867,1
112026,553280341,1
112026,446608955,1
112026,375727345,1
112026,449005615,1
112026,375706771,1
112026,316776963,1
112026,380730138,1
112026,60915544,10
112026,449212602,1
112026,767905180,1
112026,553279912,1
112026,553250426,1
112026,316601950,1
112026,446605239,1
112026,446364193,1
112026,61009059,1
112026,60987529,1
112026,345361792,1
112026,440222656,1
112026,440226104,1
112026,312971346,1
112026,446606812,1
112026,385484518,1
112026,312278586,1
112026,60987103,1
112026,446607657,1
112026,1558743669,1
112026,786868716,1
112026,385492081,1
113270,767905180,1
113270,60987561,11
113270,1400034779,9
113270,140293248,1
113270,068484477X,1
113270,375726403,1
113270,312282990,1
113270,385486804,1
113270,375727345,1
113270,425152251,1
113270,446672211,9
113270,059035342X,1
113270,140244824,5
113270,142000205,1
113270,080411868X,1
113270,449212602,1
113270,671510053,1
113270,553250426,11
113270,70212570,1
113270,971880107,1
113270,375700757,1
113270,385720106,11
113270,452282829,1
113270,345361792,1
113270,60915544,11
113270,385492081,10
113270,316666343,10
113270,1400031354,9
113270,345387651,1
113270,449003795,1
113519,1558743669,1
113519,316601950,1
113519,60987103,1
113519,446310786,11
113519,312966091,1
113519,375727345,1
113519,345417623,1
113519,449003795,1
113519,671038184,10
113519,440226430,1
113519,375726403,1
113519,425167313,1
113519,080410753X,1
113519,067976402X,10
113519,375707972,9
113519,743418174,1
113519,671003755,1
113519,971880107,1
113519,014028009X,1
113519,452282152,11
113519,316284955,1
113519,440235596,1
113519,142001740,1
113519,345361792,1
113519,684872153,1
113519,385504209,1
113519,609804138,1
113519,425182908,1
113519,805063897,1
113519,385720106,1
114414,60987561,1
114414,385492081,1
114414,080411109X,1
114414,515131229,1
114414,60976845,1
114414,446612545,1
114414,345443284,1
114414,446606189,1
114414,440241537,1
114414,425175405,6
114414,440214041,1
114414,60987529,1
114414,316569321,1
114414,316284955,1
114414,446310786,11
114414,038079487X,1
114414,446611212,1
114414,60915544,1
114414,140298479,1
114414,425152251,7
114414,440220602,1
114414,446605239,1
114414,044022165X,1
114414,440224764,1
114414,440211727,1
114414,140244824,1
114414,345342968,1
114414,743418174,1
114414,440225701,1
114414,449003795,1
114868,067976402X,1
114868,743237188,1
114868,440214041,1
114868,440235596,1
114868,805063897,1
114868,375707972,9
114868,014028009X,11
114868,140244824,1
114868,446610038,1
114868,743418174,1
114868,60915544,8
114868,515132020,1
114868,385484518,1
114868,440225701,1
114868,385265700,1
114868,60938455,10
114868,671041789,1
114868,080411868X,1
114868,385504209,9
114868,385720106,1
114868,425180638,1
114868,1573229326,1
114868,60987529,1
114868,044021145X,10
114868,051513287X,1
114868,345337662,1
114868,64407667,1
114868,316096199,1
114868,60976845,1
114868,60930535,1
115120,142001740,1
115120,080411109X,1
115120,440241073,1
115120,345370775,1
115120,080410753X,1
115120,60934417,1
115120,385486804,9
115120,425182908,1
115120,449212602,1
115120,425167313,1
115120,140244824,1
115120,60930535,1
115120,068484477X,1
115120,671021001,1
115120,743418174,1
115120,140293248,1
115120,440226430,1
115120,312195516,1
115120,452282829,1
115120,380018179,1
115120,425152251,1
115120,440234743,1
115120,64407667,1
115120,804106304,1
115120,440211727,1
115120,345353145,1
115120,804114986,1
115120,60928336,1
115120,449907481,1
115120,080411868X,1
115490,375726403,1
115490,345443284,1
115490,140244824,1
115490,142001740,1
115490,842329129,1
115490,440226430,1
115490,60928336,1
115490,440212561,1
115490,385505833,1
115490,440236703,1
115490,059035342X,1
115490,043935806X,1
115490,743418174,1
115490,446310786,1
115490,671021001,1
115490,425182908,1
115490,446610038,1
115490,439064872,1
115490,1400034779,1
115490,446672211,1
115490,140293248,1
115490,440213525,1
115490,60392452,1
115490,684872153,1
115490,679745203,1
115490,439136369,9
115490,380731851,1
115490,679746048,9
115490,553280341,1
115490,038079487X,1
123790,440211263,1
123790,440241073,1
123790,142001740,1
123790,385335482,9
123790,440220602,1
123790,446610038,1
123790,446364193,1
123790,345443284,1
123790,440214041,1
123790,316666343,1
123790,440226430,1
123790,385504209,1
123790,345370775,1
123790,60502258,1
123790,044023722X,1
123790,440224764,1
123790,440225701,1
123790,446608955,1
123790,440234743,1
123790,345342968,1
123790,671041789,1
123790,60987529,9
123790,044021145X,1
123790,316601950,1
123790,446612545,1
123790,440224675,9
123790,385720106,1
123790,679746048,8
123790,786881852,1
123790,440235596,1
123981,440212561,1
123981,345378490,1
123981,345380371,1
123981,399501487,1
123981,446310786,1
123981,345391055,1
123981,385265700,1
123981,425167313,1
123981,440224675,1
123981,038079487X,11
123981,440221471,1
123981,044022165X,1
123981,679745203,1
123981,440222656,1
123981,375707972,1
123981,440214041,1
123981,1400034779,1
123981,440220602,1
123981,068484477X,1
123981,375706771,1
123981,440211727,1
123981,375727345,1
123981,804106304,1
123981,312924585,10
123981,446608955,1
123981,440225701,1
123981,345313860,1
123981,60928336,1
123981,446607657,1
123981,449212602,1
124942,385335881,1
124942,440213525,9
124942,440220602,1
124942,515132020,1
124942,449212602,1
124942,671001795,1
124942,440225701,1
124942,440211727,1
124942,044023722X,1
124942,60987561,1
124942,345402871,1
124942,345351525,1
124942,034540288X,1
124942,440221471,1
124942,385335482,1
124942,1558743669,1
124942,60930535,1
124942,440224675,1
124942,60928336,1
124942,385492081,1
124942,345353145,1
124942,440212561,1
124942,425175405,9
124942,553279912,1
124942,446612545,1
124942,312291639,1
124942,345384466,1
124942,044022165X,1
124942,059035342X,1
124942,440236703,1
125692,385720106,1
125692,440211263,1
125692,60930535,1
125692,60987561,1
125692,684874350,1
125692,316666343,1
125692,553250426,1
125692,553268880,1
125692,440213525,1
125692,671038184,1
125692,312924585,1
125692,446611212,1
125692,080410526X,9
125692,679746048,10
125692,743418174,10
125692,312278586,1
125692,156027321,1
125692,312966091,1
125692,446606812,10
125692,1558743669,1
125692,385722206,1
125692,312195516,1
125692,452282829,1
125692,375725784,1
125692,140293248,9
125692,60987529,1
125692,440224675,1
125692,345370775,1
125692,385335482,8
125692,044021145X,1
130571,312966091,1
130571,380018179,1
130571,440224675,1
130571,60938455,1
130571,553268880,1
130571,316601950,1
130571,440211263,1
130571,316096199,1
130571,014028009X,1
130571,449005615,1
130571,451166892,1
130571,786868716,7
130571,805063897,9
130571,385492081,10
130571,080410526X,1
130571,375706771,9
130571,743237188,1
130571,553572997,1
130571,380789035,1
130571,316666343,9
130571,61009059,9
130571,452282829,1
130571,375700757,1
130571,345370775,1
130571,61097101,1
130571,446612790,1
130571,446672211,10
130571,399501487,1
130571,440206154,1
130571,446611867,1
135045,440222656,10
135045,345353145,1
135045,70212570,1
135045,62502182,1
135045,385720106,1
135045,679781587,11
135045,345417623,1
135045,446605239,1
135045,440226430,1
135045,345378490,1
135045,60502258,10
135045,375707972,1
135045,804106304,1
135045,312966970,10
135045,014028009X,1
135045,671042858,1
135045,440211727,9
135045,044021145X,9
135045,312976275,1
135045,440226104,1
135045,345380371,1
135045,312983271,1
135045,142000205,1
135045,044022165X,1
135045,380730138,1
135045,804114986,1
135045,080410753X,1
135045,044651652X,1
135045,316781266,1
135045,60934417,1
135149,439136369,9
135149,60987529,8
135149,345417623,9
135149,345370775,1
135149,312995423,1
135149,440224764,9
135149,440235596,11
135149,345313860,1
135149,385720106,1
135149,044022165X,1
135149,425175405,1
135149,345339681,1
135149,679781587,1
135149,316666343,1
135149,385492081,1
135149,312966970,1
135149,375726403,1
135149,440220602,8
135149,1573229326,1
135149,067976402X,1
135149,385504209,1
135149,60987103,1
135149,440226104,1
135149,440226430,10
135149,044021145X,1
135149,440241537,1
135149,64407667,9
135149,080410526X,1
135149,767905180,1
135149,679429220,10
135831,60934417,1
135831,312195516,10
135831,684874350,8
135831,385492081,1
135831,006101351X,1
135831,60928336,1
135831,60930535,1
135831,440226104,1
135831,60959037,8
135831,804114986,1
135831,345417623,1
135831,375706771,8
135831,385508042,1
135831,044651652X,1
135831,014028009X,1
135831,671003755,1
135831,446605239,1
135831,316096199,1
135831,449907481,1
135831,446608955,1
135831,142001740,9
135831,743418174,7
135831,380730138,1
135831,440235596,1
135831,375700757,10
135831,375707972,1
135831,316666343,1
135831,679781587,1
135831,316284955,1
135831,312305060,7
141710,446610038,1
141710,006101351X,1
141710,61097101,1
141710,312966091,1
141710,60959037,1
141710,60977493,1
141710,375707972,1
141710,61009059,1
141710,312195516,10
141710,080411109X,1
141710,446611867,1
141710,385335482,1
141710,449907481,1
141710,60938455,1
141710,679781587,1
141710,60934417,1
141710,375726403,1
141710,449003795,1
141710,452282829,1
141710,671510053,1
141710,1400031354,8
141710,446607657,1
141710,60915544,1
141710,553280341,8
141710,553279912,7
141710,1400034779,9
141710,312966970,1
141710,684874350,11
141710,440235596,1
141710,140293248,1
144531,312966091,10
144531,312980140,10
144531,316776963,1
144531,156027321,1
144531,080411868X,9
144531,345402871,1
144531,312983271,8
144531,446611212,1
144531,515131229,10
144531,61097101,8
144531,743237188,9
144531,440224764,9
144531,743418174,9
144531,440241073,1
144531,446606189,1
144531,446607657,1
144531,140293248,1
144531,446608955,1
144531,440213525,1
144531,440234743,1
144531,1573229326,8
144531,044023722X,1
144531,440226430,1
144531,312278586,1
144531,767905180,1
144531,044022165X,1
144531,446605239,1
144531,345353145,1
144531,142001740,1
144531,316601950,9
147847,440220602,1
147847,312924585,6
147847,452282152,1
147847,446608955,1
147847,446605239,10
147847,316096199,1
147847,142000205,1
147847,380018179,6
147847,345337662,6
147847,1558743669,1
147847,684872153,10
147847,312971346,10
147847,446610038,6
147847,440226104,1
147847,60502258,1
147847,440222656,1
147847,312195516,1
147847,044021145X,6
147847,014025448X,1
147847,440206154,1
147847,385265700,1
147847,059035342X,1
147847,679746048,1
147847,080410753X,1
147847,385492081,1
147847,553572997,1
147847,385505833,1
147847,842329129,1
147847,61097101,10
147847,385484518,10
148744,440236673,1
148744,312278586,1
148744,679745203,1
148744,439064872,1
148744,446605239,1
148744,140244824,1
148744,671003755,1
148744,70212570,9
148744,044021145X,11
148744,312983271,1
148744,449907481,1
148744,671038184,1
148744,679429220,1
148744,051513287X,1
148744,452282829,1
148744,345339681,9
148744,446611212,1
148744,345387651,1
148744,446606812,1
148744,743418174,1
148744,375726403,1
148744,440226104,1
148744,440226430,1
148744,609804138,1
148744,068484477X,9
148744,440222656,1
148744,446608955,1
148744,440241537,1
148744,080410753X,1
148744,345351525,1
153662,345337662,1
153662,425182908,1
153662,316601950,1
153662,440213525,11
153662,312966970,1
153662,316769487,1
153662,345417623,1
153662,60987561,1
153662,515131229,11
153662,804106304,10
153662,515132020,10
153662,038079487X,10
153662,786868716,1
153662,380789019,1
153662,804114986,1
153662,440221471,1
153662,446611867,1
153662,60502258,11
153662,679781587,1
153662,385505833,1
153662,440241537,1
153662,425147622,1
153662,440212561,1
153662,006101351X,11
153662,440236673,1
153662,142000205,1
153662,1400034779,1
153662,014028009X,10
153662,375706771,10
153662,440241073,1
155147,059035342X,1
155147,446606812,1
155147,553280341,1
155147,080410526X,8
155147,804114986,1
155147,068484267X,1
155147,446672211,8
155147,312983271,1
155147,452282829,1
155147,345443284,1
155147,440212561,1
155147,60987103,1
155147,60934417,8
155147,804106304,1
155147,449212602,9
155147,440235596,1
155147,60915544,10
155147,440222656,1
155147,446310786,1
155147,971880107,1
155147,515132020,1
155147,375707972,1
155147,375727345,1
155147,449907481,1
155147,380730138,1
155147,067976402X,1
155147,786881852,1
155147,385720106,6
155147,60928336,1
155147,425167313,1
156150,380002930,11
156150,451166892,11
156150,385722206,1
156150,679781587,1
156150,316769487,1
156150,006101351X,1
156150,440222656,1
156150,767902521,10
156150,375706771,1
156150,140293248,1
156150,044021145X,1
156150,380018179,1
156150,345342968,1
156150,312924585,1
156150,345339681,1
156150,60938455,1
156150,345443284,1
156150,312195516,1
156150,449212602,1
156150,044651652X,1
156150,345387651,1
156150,60987103,1
156150,446611212,1
156150,1400034779,1
156150,312278586,1
156150,043935806X,9
156150,440226104,7
156150,60934417,1
156150,679429220,1
156150,059035342X,1
159033,425154092,1
159033,380731851,1
159033,375707972,1
159033,312995423,1
159033,375706771,1
159033,312983271,1
159033,446672211,1
159033,044023722X,10
159033,375726403,1
159033,312195516,1
159033,425180638,1
159033,385503822,1
159033,446608955,1
159033,446606189,1
159033,316601950,1
159033,380789035,1
159033,425152251,1
159033,446601241,1
159033,553572997,1
159033,446364193,1
159033,671003755,1
159033,080411868X,1
159033,515132020,1
159033,553280341,1
159033,446605239,10
159033,044021145X,1
159033,446610038,1
159033,067976402X,1
159033,449003795,1
159033,60930535,1
162639,312291639,1
162639,449907481,1
162639,451166892,1
162639,553268880,1
162639,440212561,1
162639,316781266,1
162639,515132020,1
162639,671510053,7
162639,345370775,10
162639,312966970,1
162639,312966091,11
162639,059035342X,10
162639,440211263,1
162639,142001740,1
162639,743237188,1
162639,767905180,1
162639,515131229,1
162639,452282829,1
162639,60976845,10
162639,014028009X,9
162639,312983271,1
162639,440236703,10
162639,1573229326,1
162639,440224675,1
162639,61097101,8
162639,067976402X,9
162639,385503822,8
162639,60928336,1
162639,446608955,9
162639,385720106,8
166596,671001795,1
166596,345417623,1
166596,345402871,1
166596,375725784,10
166596,805063897,1
166596,312983271,1
166596,044651652X,1
166596,014028009X,1
166596,446672211,1
166596,60915544,1
166596,399501487,1
166596,440212561,10
166596,804106304,10
166596,440235596,1
166596,440211727,1
166596,70212570,1
166596,068484267X,1
166596,451166892,1
166596,006101351X,1
166596,60938455,1
166596,452282152,1
166596,553250426,1
166596,671021001,1
166596,1558743669,1
166596,345387651,1
166596,679745203,1
166596,767902521,1
166596,380730138,1
166596,074343627X,1
166596,385484518,1
172742,385504209,1
172742,446608955,1
172742,60928336,1
172742,446601241,1
172742,380731851,1
172742,452282829,1
172742,440224764,1
172742,60392452,1
172742,345380371,1
172742,385492081,1
172742,60915544,1
172742,671038184,1
172742,440214041,1
172742,142000205,10
172742,044022165X,1
172742,1573229326,1
172742,60976845,11
172742,312983271,1
172742,140244824,1
172742,60502258,10
172742,345443284,1
172742,671003755,1
172742,399501487,1
172742,380002930,11
172742,60987103,1
172742,345313860,7
172742,440221471,1
172742,142001740,1
172742,425154092,1
172742,080411868X,1
173415,380002930,1
173415,312278586,1
173415,140244824,1
173415,059035342X,11
173415,1400034779,1
173415,312980140,1
173415,385492081,1
173415,440211263,1
173415,345417623,1
173415,609804138,1
173415,312282990,11
173415,440212561,1
173415,345443284,1
173415,316666343,8
173415,842329129,1
173415,425167313,1
173415,425182908,1
173415,60934417,11
173415,316096199,1
173415,767905180,7
173415,312966970,9
173415,684874350,1
173415,1558743669,8
173415,080410753X,1
173415,553572997,1
173415,743237188,1
173415,312305060,1
173415,316776963,1
173415,805063897,1
173415,385505833,1
174304,080410753X,1
174304,385335482,1
174304,316601950,1
174304,316096199,1
174304,316781266,1
174304,60930535,1
174304,679429220,1
174304,60987529,1
174304,446310786,9
174304,080411109X,1
174304,671041789,1
174304,380730138,1
174304,440226430,1
174304,446608955,1
174304,64407667,1
174304,804106304,1
174304,385504209,10
174304,446605239,1
174304,971880107,1
174304,312278586,9
174304,080410526X,1
174304,375706771,1
174304,60928336,1
174304,60987103,1
174304,449212602,1
174304,1558743669,1
174304,60934417,1
174304,804114986,1
174304,038079487X,1
174304,375727345,1
175003,767905180,1
175003,380718340,1
175003,440241073,1
175003,316601950,1
175003,440222656,1
175003,440211727,1
175003,743418174,1
175003,684872153,1
175003,425182908,1
175003,446610038,1
175003,446605239,1
175003,312966091,1
175003,080410526X,1
175003,61009059,1
175003,385492081,1
175003,425175405,1
175003,044651652X,1
175003,446605484,1
175003,439136350,11
175003,60502258,1
175003,044023722X,1
175003,449003795,1
175003,380730138,1
175003,345380371,1
175003,312195516,1
175003,971880107,1
175003,059035342X,11
175003,440206154,1
175003,446611867,1
175003,440220602,1
178667,446601241,9
178667,553280341,1
178667,440213525,1
178667,059035342X,1
178667,385722206,1
178667,61009059,1
178667,60930535,1
178667,044023722X,4
178667,385486804,1
178667,446612545,1
178667,449907481,1
178667,446606812,1
178667,345370775,1
178667,140244824,1
178667,440241537,1
178667,515131229,6
178667,155874262X,1
178667,679746048,1
178667,051513287X,1
178667,142001740,10
178667,767905180,1
178667,044651652X,1
178667,312305060,8
178667,553250426,1
178667,60502258,4
178667,70212570,1
178667,380731851,1
178667,1400031354,1
178667,1400034779,1
178667,038079487X,8
185233,375706771,1
185233,440220602,1
185233,439136369,1
185233,553280341,1
185233,446310786,1
185233,446605239,1
185233,316769487,1
185233,385720106,1
185233,316569321,1
185233,345370775,10
185233,60502258,1
185233,440226430,1
185233,446608955,1
185233,425180638,1
185233,059035342X,1
185233,375727345,1
185233,1558743669,1
185233,385504209,1
185233,316601950,1
185233,140293248,1
185233,449003795,1
185233,043935806X,11
185233,051513287X,1
185233,64407667,1
185233,671021001,1
185233,743237188,8
185233,345380371,1
185233,425175405,1
185233,971880107,1
185233,375707972,1
187145,345342968,10
187145,671038184,1
187145,786868716,1
187145,385503822,1
187145,385720106,1
187145,671021001,1
187145,068484267X,10
187145,312924585,9
187145,60930535,1
187145,312278586,1
187145,068484477X,9
187145,767905180,1
187145,345337662,1
187145,140298479,1
187145,385504209,1
187145,60987103,1
187145,345384466,1
187145,399501487,10
187145,316284955,1
187145,316776963,1
187145,679746048,10
187145,553250426,9
187145,684874350,10
187145,679429220,1
187145,679745203,1
187145,671042858,1
187145,60938455,1
187145,044021145X,9
187145,440241537,1
187145,971880107,7
196077,385265700,1
196077,345313860,1
196077,312278586,9
196077,60928336,8
196077,345370775,1
196077,449003795,1
196077,553279912,1
196077,385492081,1
196077,671042858,1
196077,743237188,1
196077,080410526X,1
196077,449907481,1
196077,375706771,10
196077,385505833,1
196077,446605239,1
196077,767905180,1
196077,60502258,8
196077,385720106,8
196077,446601241,1
196077,553582755,1
196077,684872153,1
196077,385508042,10
196077,440235596,1
196077,671038184,1
196077,425180638,1
196077,140244824,1
196077,068484477X,1
196077,446610038,1
196077,446608955,1
196077,804106304,1
198711,345384466,1
198711,671042858,1
198711,743418174,1
198711,449003795,1
198711,440211727,1
198711,440211263,1
198711,345391055,1
198711,345313860,1
198711,971880107,1
198711,043935806X,5
198711,345351525,1
198711,671003755,1
198711,044023722X,1
198711,312924585,1
198711,446601241,1
198711,345361792,1
198711,446607657,1
198711,804114986,1
198711,786881852,1
198711,439064872,1
198711,452282152,1
198711,440220602,1
198711,440234743,1
198711,059035342X,1
198711,380018179,1
198711,345378490,1
198711,345417623,1
198711,345402871,1
198711,60928336,1
198711,553268880,1
200226,316769487,9
200226,446601241,1
200226,60987561,9
200226,140244824,1
200226,312983271,1
200226,671021001,1
200226,60976845,1
200226,068484477X,9
200226,515131229,8
200226,380731851,1
200226,62502182,1
200226,051513287X,7
200226,312305060,1
200226,312291639,1
200226,446672211,1
200226,446611867,1
200226,080410753X,1
200226,440222656,6
200226,553268880,1
200226,684872153,9
200226,385505833,1
200226,385265700,1
200226,671001795,1
200226,553280341,1
200226,446310786,11
200226,440220602,1
200226,375707972,1
200226,452282152,1
200226,425147622,1
200226,312971346,9
204864,1573229326,1
204864,375700757,11
204864,61009059,1
204864,553280341,1
204864,312305060,1
204864,014028009X,1
204864,156027321,11
204864,316601950,1
204864,1400031354,1
204864,440221471,1
204864,312995423,1
204864,1400034779,1
204864,375727345,8
204864,671001795,1
204864,316096199,1
204864,446606812,1
204864,671027387,1
204864,679429220,11
204864,60930535,10
204864,380730138,1
204864,142000205,1
204864,446607657,1
204864,142001740,1
204864,312282990,1
204864,375725784,1
204864,375706771,1
204864,380718340,1
204864,345361792,10
204864,014025448X,1
204864,425152251,1
211426,312976275,9
211426,312983271,1
211426,679781587,1
211426,440222656,1
211426,345370775,1
211426,345387651,1
211426,553280341,1
211426,553572997,9
211426,385265700,1
211426,440220602,1
211426,449907481,1
211426,080411868X,1
211426,375707972,1
211426,059035342X,1
211426,385484518,1
211426,440211727,1
211426,142000205,1
211426,345337662,9
211426,446310786,1
211426,743418174,1
211426,452282829,1
211426,679429220,1
211426,345351525,11
211426,440206154,1
211426,345339681,1
211426,671001795,1
211426,553268880,1
211426,068484267X,10
211426,080410753X,8
211426,452282152,8
217375,440226430,1
217375,440236703,1
217375,312983271,1
217375,345387651,1
217375,312976275,1
217375,385484518,1
217375,345391055,1
217375,553280341,1
217375,743237188,1
217375,553279912,1
217375,60959037,1
217375,60987529,1
217375,385720106,1
217375,446611212,1
217375,60976845,1
217375,679745203,1
217375,440236673,10
217375,440234743,1
217375,446611867,1
217375,312966091,1
217375,609804138,1
217375,068484267X,1
217375,60987103,1
217375,440211263,1
217375,679746048,1
217375,425154092,1
217375,449003795,1
217375,804114986,1
217375,440224764,9
217375,385722206,1
221445,743418174,9
221445,60934417,1
221445,312195516,1
221445,385720106,1
221445,1400034779,10
221445,080410526X,1
221445,446608955,1
221445,038079487X,1
221445,452282152,1
221445,804106304,1
221445,385265700,1
221445,440222656,1
221445,60915544,10
221445,446364193,1
221445,446606812,1
221445,679746048,1
221445,156027321,1
221445,312983271,7
221445,70212570,1
221445,044022165X,1
221445,440224675,1
221445,080411109X,1
221445,786868716,8
221445,440211263,1
221445,380730138,1
221445,312966091,9
221445,316776963,1
221445,446612790,1
221445,440234743,1
221445,425175405,1
224349,068484477X,1
224349,380002930,1
224349,080410526X,10
224349,440206154,1
224349,446607657,1
224349,375700757,1
224349,316769487,1
224349,345361792,1
224349,1573229326,8
224349,385484518,1
224349,60915544,1
224349,60392452,1
224349,425152251,1
224349,044651652X,1
224349,375726403,1
224349,679781587,1
224349,446364193,1
224349,375707972,1
224349,679745203,1
224349,142001740,1
224349,345370775,9
224349,345443284,1
224349,553572997,9
224349,316776963,1
224349,375725784,1
224349,60938455,1
224349,067976402X,1
224349,312305060,1
224349,804106304,1
224349,452282152,10
225810,60928336,1
225810,345370775,1
225810,006101351X,1
225810,380718340,1
225810,515131229,1
225810,671001795,1
225810,385504209,1
225810,553268880,1
225810,446606189,1
225810,316666343,8
225810,316096199,1
225810,312966091,1
225810,671027387,1
225810,312971346,1
225810,553280341,1
225810,60502258,1
225810,440241537,1
225810,743418174,1
225810,345417623,1
225810,440225701,1
225810,385335482,1
225810,399501487,1
225810,446611212,1
225810,014028009X,1
225810,440226430,1
225810,345380371,1
225810,553279912,7
225810,60976845,1
225810,345353145,1
225810,051513287X,1
227447,60928336,1
227447,671003755,1
227447,142001740,1
227447,345339681,1
227447,61009059,1
227447,440212561,1
227447,446606812,1
227447,553250426,1
227447,786881852,1
227447,446608955,1
227447,440226430,1
227447,671027387,1
227447,804106304,1
227447,385508042,1
227447,345384466,1
227447,446364193,1
227447,312971346,1
227447,345380371,1
227447,446611867,1
227447,044651652X,1
227447,044022165X,1
227447,425180638,1
227447,380730138,1
227447,385503822,1
227447,446605239,1
227447,446606189,1
227447,316096199,11
227447,767905180,1
227447,446601241,1
227447,312983271,1
228998,345370775,1
228998,553572997,1
228998,142001740,1
228998,044022165X,1
228998,425182908,1
228998,375707972,1
228998,380789019,10
228998,067976402X,1
228998,553280341,1
228998,345378490,1
228998,380002930,1
228998,345353145,1
228998,452282829,1
228998,440224675,1
228998,044021145X,1
228998,440211727,1
228998,385492081,10
228998,805063897,1
228998,345313860,1
228998,446611212,1
228998,059035342X,1
228998,440206154,1
228998,385503822,1
228998,080410526X,1
228998,380789035,1
228998,60928336,1
228998,345380371,1
228998,440225701,1
228998,380018179,1
228998,345342968,10
230522,345378490,1
230522,553279912,1
230522,375725784,1
230522,671021001,1
230522,068484477X,1
230522,043935806X,1
230522,684874350,1
230522,553268880,1
230522,440211727,1
230522,385504209,10
230522,316601950,1
230522,60930535,1
230522,60977493,1
230522,345353145,1
230522,375706771,1
230522,553250426,11
230522,449003795,1
230522,671510053,1
230522,345391055,1
230522,440222656,1
230522,70212570,1
230522,380789035,1
230522,440220602,1
230522,067976402X,1
230522,446608955,1
230522,059035342X,1
230522,440224764,1
230522,425167313,1
230522,425147622,1
230522,385492081,1
231210,399501487,11
231210,385722206,6
231210,440213525,1
231210,385484518,1
231210,345378490,1
231210,375727345,1
231210,60959037,1
231210,380731851,1
231210,044022165X,1
231210,440220602,1
231210,440226430,8
231210,440214041,1
231210,345370775,1
231210,60915544,1
231210,553279912,1
231210,440241073,1
231210,385492081,11
231210,786881852,1
231210,553572997,1
231210,553268880,1
231210,345339681,1
231210,440221471,1
231210,080410526X,1
231210,345342968,1
231210,345351525,1
231210,60976845,1
231210,1573229326,1
231210,449003795,1
231210,553280341,8
231210,316601950,1
232131,385265700,1
232131,006101351X,8
232131,684874350,1
232131,014028009X,8
232131,60915544,11
232131,345387651,1
232131,671001795,1
232131,440213525,1
232131,60976845,1
232131,671510053,1
232131,60502258,1
232131,067976402X,9
232131,074343627X,7
232131,446364193,1
232131,140298479,1
232131,375706771,1
232131,743418174,1
232131,140244824,1
232131,440222656,1
232131,446608955,1
232131,385504209,11
232131,044651652X,6
232131,446601241,1
232131,425147622,1
232131,446672211,10
232131,312983271,7
232131,068484477X,1
232131,61097101,1
232131,446611212,5
232131,60987561,10
234623,440211263,1
234623,385484518,1
234623,440241073,1
234623,804114986,1
234623,679745203,1
234623,804106304,1
234623,316666343,1
234623,679781587,1
234623,044023722X,1
234623,006101351X,1
234623,553280341,1
234623,440222656,1
234623,440234743,1
234623,080410753X,1
234623,440236703,1
234623,440221471,1
234623,375700757,1
234623,142001740,1
234623,375726403,1
234623,439064872,1
234623,316284955,1
234623,440214041,1
234623,553268880,1
234623,671001795,1
234623,312980140,1
234623,044021145X,1
234623,553279912,1
234623,316601950,1
234623,051513287X,1
234623,345342968,1
235105,446601241,1
235105,60928336,1
235105,449212602,10
235105,440241537,9
235105,425175405,1
235105,679429220,1
235105,345353145,1
235105,440206154,1
235105,743418174,1
235105,446612545,1
235105,449003795,1
235105,044022165X,1
235105,440211727,1
235105,345378490,1
235105,553279912,1
235105,452282829,1
235105,60987561,1
235105,767905180,1
235105,446310786,1
235105,316666343,9
235105,006101351X,1
235105,60915544,1
235105,380018179,1
235105,60938455,1
235105,446364193,1
235105,034540288X,1
235105,312983271,5
235105,684872153,1
235105,380002930,1
235105,440224764,1
238120,446672211,1
238120,971880107,1
238120,1400031354,1
238120,080410753X,1
238120,059035342X,1
238120,440222656,1
238120,679745203,1
238120,014028009X,1
238120,375707972,1
238120,316601950,1
238120,60928336,1
238120,316569321,1
238120,70212570,1
238120,385720106,1
238120,345351525,1
238120,068484477X,1
238120,767902521,1
238120,312983271,1
238120,345443284,1
238120,60976845,1
238120,014025448X,1
238120,080410526X,11
238120,375725784,1
238120,312924585,1
238120,446611867,1
238120,743418174,1
238120,006101351X,1
238120,345380371,9
238120,452282829,1
238120,440221471,1
238781,553279912,1
238781,380002930,1
238781,316666343,1
238781,446601241,1
238781,446611212,1
238781,140293248,1
238781,61097101,1
238781,60930535,1
238781,452282829,1
238781,446607657,1
238781,345443284,11
238781,345384466,1
238781,446672211,1
238781,671038184,1
238781,142000205,1
238781,804106304,1
238781,553268880,1
238781,316096199,1
238781,312278586,1
238781,679746048,1
238781,399501487,1
238781,044651652X,11
238781,385335881,1
238781,385335482,1
238781,440211263,1
238781,345337662,1
238781,312983271,1
238781,60959037,1
238781,440226430,1
238781,743418174,1
254465,446605239,6
254465,425182908,1
254465,971880107,1
254465,609804138,1
254465,385335482,1
254465,440211263,11
254465,553250426,1
254465,440226104,1
254465,312966970,1
254465,446601241,11
254465,316666343,11
254465,446672211,1
254465,679746048,11
254465,312980140,1
254465,440226430,11
254465,044021145X,1
254465,140298479,11
254465,316601950,11
254465,452282829,1
254465,440221471,1
254465,440224675,1
254465,140244824,1
254465,345443284,1
254465,60987561,1
254465,61009059,1
254465,767905180,7
254465,60928336,1
254465,60976845,1
254465,080411109X,1
254465,380730138,1
258534,446606189,9
258534,609804138,1
258534,399501487,1
258534,684874350,1
258534,679781587,1
258534,425154092,10
258534,316601950,1
258534,440241073,10
258534,425182908,11
258534,446610038,7
258534,60938455,9
258534,375707972,1
258534,074343627X,10
258534,440236673,1
258534,60959037,1
258534,375706771,1
258534,671042858,10
258534,375700757,1
258534,446606812,1
258534,316284955,1
258534,553279912,10
258534,440222656,1
258534,446611212,1
258534,312924585,11
258534,553280341,10
258534,312305060,1
258534,440226104,9
258534,786868716,1
258534,142001740,1
258534,60976845,1
260897,375726403,10
260897,64407667,1
260897,439064872,1
260897,375725784,11
260897,440212561,1
260897,1573229326,1
260897,059035342X,1
260897,316284955,7
260897,375727345,1
260897,60976845,1
260897,446310786,9
260897,452282829,1
260897,671021001,1
260897,440211263,7
260897,345443284,6
260897,140298479,1
260897,345417623,1
260897,080410753X,1
260897,440211727,1
260897,440225701,1
260897,345353145,1
260897,068484477X,1
260897,439136369,1
260897,440226430,7
260897,804106304,1
260897,440221471,1
260897,312278586,9
260897,345370775,1
260897,385265700,1
260897,044651652X,5
261829,440212561,9
261829,312278586,1
261829,446611212,9
261829,385720106,1
261829,671001795,9
261829,440224764,1
261829,385504209,1
261829,440206154,10
261829,440234743,1
261829,067976402X,9
261829,312983271,8
261829,440225701,1
261829,671027360,10
261829,440221471,1
261829,446607657,1
261829,446605484,9
261829,385492081,11
261829,449212602,9
261829,971880107,1
261829,074343627X,1
261829,440236673,1
261829,553572997,1
261829,842329129,1
261829,446364193,1
261829,156027321,9
261829,312980140,1
261829,044023722X,1
261829,312995423,1
261829,385335482,1
261829,375725784,1
265115,014025448X,8
265115,312980140,11
265115,446605239,1
265115,385720106,1
265115,385335482,1
265115,316781266,1
265115,671021001,1
265115,375706771,1
265115,553582755,1
265115,440206154,1
265115,142001740,1
265115,014028009X,8
265115,553572997,1
265115,60976845,8
265115,553279912,1
265115,385265700,1
265115,446612545,1
265115,1400031354,1
265115,446611867,8
265115,609804138,1
265115,140298479,1
265115,440224675,1
265115,842329129,1
265115,425147622,1
265115,440221471,9
265115,068484477X,1
265115,038079487X,1
265115,440234743,1
265115,316284955,1
265115,440241073,1
265313,446605239,1
265313,440220602,1
265313,804114986,1
265313,440213525,1
265313,345342968,1
265313,440221471,1
265313,446606812,1
265313,60930535,1
265313,380789019,1
265313,440224764,1
265313,345378490,1
265313,1400031354,1
265313,074343627X,1
265313,60938455,8
265313,044023722X,1
265313,385492081,1
265313,312924585,1
265313,044651652X,1
265313,316666343,1
265313,553279912,1
265313,345417623,1
265313,380718340,1
265313,380002930,11
265313,140298479,1
265313,446364193,1
265313,60928336,1
265313,425154092,1
265313,440224675,7
265313,439136369,10
265313,446672211,1
266226,051513287X,1
266226,515132020,1
266226,553572997,1
266226,345402871,1
266226,440206154,9
266226,385492081,1
266226,786868716,1
266226,671041789,1
266226,446672211,1
266226,440211727,1
266226,440222656,1
266226,440226430,1
266226,671027360,1
266226,380718340,1
266226,60928336,1
266226,425147622,1
266226,140244824,1
266226,006101351X,1
266226,385504209,1
266226,446608955,1
266226,446607657,1
266226,671003755,1
266226,345370775,1
266226,553250426,1
266226,446605239,1
266226,440211263,1
266226,043935806X,1
266226,440224675,1
266226,044651652X,1
266226,385720106,1
269566,440221471,1
269566,440211727,1
269566,380718340,1
269566,446606812,1
269566,312924585,1
269566,440224675,1
269566,142000205,1
269566,380002930,1
269566,553268880,1
269566,385486804,1
269566,679781587,1
269566,804106304,9
269566,316601950,8
269566,316666343,1
269566,345378490,1
269566,375726403,1
269566,375700757,1
269566,080411109X,1
269566,425154092,1
269566,553280341,1
269566,385484518,1
269566,345402871,1
269566,446611867,1
269566,446611212,1
269566,440226430,1
269566,60976845,1
269566,671027360,1
269566,440234743,1
269566,345370775,8
269566,440214041,1
274308,440211727,1
274308,380718340,7
274308,006101351X,1
274308,553572997,1
274308,345353145,1
274308,440234743,1
274308,044023722X,1
274308,385492081,1
274308,440220602,1
274308,312976275,1
274308,439064872,9
274308,440241537,1
274308,080410526X,1
274308,446601241,1
274308,044021145X,1
274308,345378490,10
274308,440224675,1
274308,425175405,1
274308,440214041,1
274308,440213525,9
274308,345351525,1
274308,440225701,1
274308,043935806X,1
274308,446612790,1
274308,312983271,1
274308,439136350,1
274308,312966970,1
274308,059035342X,1
274308,446607657,1
274308,034540288X,1